Name,Phone,Email,Password,License,Address
Amabel Atty,7987007117,aatty0@theguardian.com,f605sy,3C4PDDBG7ET799564,0278 Northview Point
Riordan Arnaez,3607461128,rarnaez1@livejournal.com,s0um8mbq,4T3BA3BB3EU596102,61820 Superior Crossing
Alfy Woosnam,2938665793,awoosnam2@examiner.com,T5bgcsbs,SAJWA4EC7BM497398,274 Heath Plaza
Simonne Yokelman,2436763897,syokelman3@delicious.com,zF4mbZ9,1GYS3FEJ7BR578271,421 Dwight Court
Freedman Bonnor,4198877185,fbonnor4@fc2.com,NuywXQJ,WAU2MAFC7FN239106,50 Lake View Park
Viviana Rounsefell,2331583900,vrounsefell5@4shared.com,Xbmu5sLZYbV,WAUDGAFLXAA724422,5867 Morning Avenue
Dominga Goodwins,3673739341,dgoodwins6@who.int,zZqGAR,5UXKU2C55F0564122,264 Sunnyside Crossing
Merrile Coupman,5668973753,mcoupman7@stanford.edu,waldS91l,JTDZN3EU9E3971297,422 Bunker Hill Court
Kelley De Blasi,2638790835,kde8@eepurl.com,dgYS1TLV,SCBDC47LX7C372683,496 Darwin Pass
Dorice Hatchman,3649563794,dhatchman9@posterous.com,UQ4yRY0,WAUSGAFB6AN196224,152 Blackbird Alley
Darcy Yurikov,8277460307,dyurikova@bloglovin.com,lo1fbEbB,1G6DH5E57D0220854,8 Karstens Point
Melisenda Celier,2147802052,mcelierb@canalblog.com,PGvPgaB,2G4WE587061294194,0550 Hoepker Road
Salim Kemer,5275985577,skemerc@github.com,kIPaPJ5V,WVGAV7AX6CW900831,71 Loftsgordon Hill
Reeba Gutans,5343435525,rgutansd@scientificamerican.com,FVK3rnNG,19UUA65544A713619,7980 Prairie Rose Parkway
Freedman Bailie,1955393905,fbailiee@e-recht24.de,WD4Fsrfuo4S,1FTMF1CW6AK317113,4258 Ridgeview Plaza
Henrie Jerman,6354165133,hjermanf@ocn.ne.jp,lfJNdvyBm,1G6AB5SX8E0143875,61838 Northport Drive
Oralee Zaple,9009717636,ozapleg@theglobeandmail.com,Houppbfu,WAUBNBFB1BN948778,8 Scofield Plaza
Hugibert Croxton,1378188811,hcroxtonh@skyrock.com,w5qsRXrZp,KNADH5A38B6032501,46665 Sugar Hill
Devonne Flecknoe,8778963901,dflecknoei@multiply.com,qpsYd4ikW06N,1D4PU4GK2AW591290,95171 Ronald Regan Center
Reinwald Rizzone,2974042856,rrizzonej@whitehouse.gov,JlGbJYOa,KL4CJBSB5EB167285,8 Prentice Circle
Valma Abrahamson,8796795512,vabrahamsonk@umn.edu,Gr7Y6NjLnI,WBAKG1C56CJ092731,645 Basil Drive
Dacie Gillinghams,1134641257,dgillinghamsl@uiuc.edu,8Wo7ZtO,SCBCR73W79C340594,9 Sunfield Way
Harmonia Toner,2757902778,htonerm@wikia.com,eltuF4j,1G6AR5SX0E0982608,985 Waxwing Lane
Duffy Paladini,4807189558,dpaladinin@arstechnica.com,TKnDf6RF,WBA3K5C57FK959210,92 Donald Plaza
Karlee Kynston,2422089062,kkynstono@weibo.com,CP7bNcXbVh,WAUNF98P17A632453,9269 Hansons Avenue
Baxie Metts,7589320514,bmettsp@imageshack.us,Mhayd1CcK,5N1AT2MK7EC366610,07724 Hallows Center
Cort Every,6139110159,ceveryq@ameblo.jp,dx35yH,3D7TT2CT3AG821912,50 Cherokee Circle
Pammie Hayles,2992328348,phaylesr@vk.com,djqAhao,1FTEW1CM7DF893258,39736 Messerschmidt Place
Verna Mulvenna,7226944276,vmulvennas@go.com,nUB3b0PcYk,3VWF17AT2FM386920,5465 Surrey Pass
Ursa Cobb,3463474244,ucobbt@google.com.hk,yi2seBzt,2C4RDGBG8FR837558,51122 Jenna Avenue
Cazzie Gurnett,6334739959,cgurnettu@facebook.com,H1IY52FcV,1G6DM56T950749054,3499 Erie Center
Donnie Eunson,7257818130,deunsonv@wix.com,Fi7YJ9t,1FTMF1EW7AF470329,11 Monument Drive
Jannel Aggs,5088333732,jaggsw@redcross.org,IbggwOuEf,WBAFB334X1L969001,0967 Moulton Park
Arliene Albany,6601828253,aalbanyx@salon.com,w77MBmdxSD3,WBAPT735X9C904811,3311 Kinsman Way
Rancell Rack,3472927090,rracky@bloglovin.com,ppR33z4f6,WAUAF78E68A416746,4 Kennedy Plaza
Wadsworth Billitteri,1113575316,wbillitteriz@privacy.gov.au,mfWauGVK3W,2T1BPRHE5FC816127,71 Steensland Lane
Roger Pendlenton,1563790884,rpendlenton10@shop-pro.jp,V59yh1,JH4DC43511S163025,9945 Manley Way
Hillary Aleksankin,4401959562,haleksankin11@youtube.com,FblKjFvEAIyX,WDDGF4HB1DG244138,45976 Hermina Street
Isahella Caldecott,2356487512,icaldecott12@histats.com,cr2UwSy,WAUDH48H29K977814,44 David Point
Randell Fratczak,7654109979,rfratczak13@slashdot.org,4lTawzrXRX2,WAUDF68E95A767153,18 Thierer Lane
Chrysler Entreis,3766706551,centreis14@blogtalkradio.com,CUDpuuOMq9y1,JN8AS1MU2AM953051,261 Coolidge Circle
Shalna Barrable,3926090211,sbarrable15@weebly.com,Hg75bs5,WBAKE5C55CJ509107,1473 Dexter Crossing
Layla Yude,3057918953,lyude16@cbslocal.com,UBl6fbujc0L0,WBAUP7C5XDV377664,69160 Jenna Lane
Levin Burkhill,1328760229,lburkhill17@icq.com,bAisp3,WA1LGBFE2DD100732,3119 Fallview Hill
Damaris Shoebrook,4495317290,dshoebrook18@amazon.de,bxWTP1k7iQB,WBAAV53441J295498,51967 Sherman Drive
Kerby Wasiel,7098858252,kwasiel19@webnode.com,uS6uXF,1G6DJ5E37C0275046,03 Brentwood Avenue
Falito Nare,3151058979,fnare1a@homestead.com,kwsDV9zQ,WBANF735X7C778400,76006 John Wall Park
Zabrina Yewdale,1134578209,zyewdale1b@go.com,PlCZN7cicH,1N6AA0CA3EN699668,18 Transport Road
Merwin Vasquez,9428293684,mvasquez1c@liveinternet.ru,PwtDeK1WSh,5FRYD3H8XEB713806,2101 Calypso Way
Mason Gartell,7182048829,mgartell1d@yandex.ru,j7asFvCsxr,1G6KD57948U757327,6 Annamark Plaza
Rheba Ingleton,8647443945,ringleton1e@bluehost.com,mFeHvg55crR2,3MZBM1L70EM243627,3152 Boyd Drive
Lonna Shepard,2871799755,lshepard1f@amazon.co.uk,bovaUrUl5yGb,3GYFNFEY5BS484833,124 Merry Plaza
Barbabra Seal,4476371749,bseal1g@aol.com,pSLCNnLkW,ZFF75VFA9F0520320,24 Sutteridge Terrace
Lucretia Covell,1208407708,lcovell1h@elegantthemes.com,Bqlc1eZ,WVWGU7AN0AE849975,3675 Summit Court
Pail Herrero,7933033618,pherrero1i@bravesites.com,5uEurRuHYof,4A31K3DT9BE071303,7253 Corscot Parkway
Jillayne Ambrosch,4796151172,jambrosch1j@list-manage.com,HUJcmBIeC,WAUJC68E85A024141,58251 Columbus Circle
Marcellus Radborne,2481827219,mradborne1k@ox.ac.uk,XPiJFmovI5,5LMJJ3J58CE836359,17271 Burning Wood Center
Hermie Schutze,9556575796,hschutze1l@state.tx.us,z33vVhuAW,SCFEDCAD4CG789814,2 Saint Paul Pass
Lesley Najafian,3432048460,lnajafian1m@cbc.ca,pxr0ZpNLI,1FTSW2B56AE428393,30228 East Hill
Morrie Shelton,2702628195,mshelton1n@constantcontact.com,dVxVRWX7k,1FTEX1CM9BF728998,95 Morningstar Junction
Mel Goncalo,6945929748,mgoncalo1o@webeden.co.uk,V8y8dH5ETypf,WDDHF2EB3CA792379,5 Troy Court
Georgine Lapthorn,7881614691,glapthorn1p@cyberchimps.com,8K5PU1B,3C63DRML4CG323176,70 Stuart Point
Xylina Baterip,2237742844,xbaterip1q@comsenz.com,sNuj97CDdTe,WAUJT68E12A706130,6984 Ruskin Street
Dougie Debold,5221368521,ddebold1r@a8.net,YRnFoXDKO,1GYFC36209R902226,12356 Mandrake Hill
Jedidiah Flatley,5548522749,jflatley1s@independent.co.uk,PdyjMWcV0V,1G6DC8E31E0407491,79975 Logan Junction
Jesus Durante,6995264104,jdurante1t@indiatimes.com,VHu3UFNRi,JTEBU5JR6C5754532,875 Annamark Road
Eustacia Scala,8713542772,escala1u@geocities.com,UQw1QFR2Y,JTHBP5C26A5724406,98 Derek Avenue
Vasily Beare,5398629920,vbeare1v@youku.com,xneMv8,JH4CU4F64DC084668,83234 La Follette Alley
Maisey Lockley,3497234262,mlockley1w@unblog.fr,v2BYXsPrv,WAUDV94F79N717692,54166 Del Sol Terrace
Locke Frany,6359316371,lfrany1x@storify.com,j81VJOgzK,SAJWA0JH5EM309525,03992 Shoshone Court
Lorna Songhurst,1875828629,lsonghurst1y@nps.gov,Ke9Z0vYlHtHK,3C4PDDBG2ET662080,69010 Hoffman Crossing
Sharity Giacomi,2348043013,sgiacomi1z@earthlink.net,89aCRQOOUb,KMHCT4AE4CU984235,77033 Maryland Alley
Adela Maltster,8496497675,amaltster20@merriam-webster.com,Pnafk4jdGPSm,JTDJTUD39ED150972,60 Eagan Place
Lorelle Christofor,1412483082,lchristofor21@phpbb.com,d27r9tUJiDHN,WBA6A0C57FD087506,7929 Surrey Junction
Matthew Domenc,1498648787,mdomenc22@twitter.com,Y9z9nYi,KNAGM4AD0F5389825,8 Division Parkway
Briano Igoe,8231581292,bigoe23@toplist.cz,3hHTWFXH,JTDZN3EU2EJ544653,02 Stephen Center
Thom Organ,5087970058,torgan24@jigsy.com,6U7r6Q0Ct,WAUDH98E37A998080,8 Carpenter Street
Theresa Trever,4149275781,ttrever25@scribd.com,5EgjuT,1FTEW1CM8CK260600,00 Morning Terrace
Derby Ternault,3393229380,dternault26@shinystat.com,StS2fy,5N1AN0NW2DN680877,0272 Hanover Hill
Storm Colmer,8213867579,scolmer27@noaa.gov,CG0gzTAWA,WAUED54B71N942874,59748 Atwood Way
Violetta Giorgione,9634582154,vgiorgione28@msu.edu,ok8QwQqOK,3GYFNGEY4BS770646,9 Roxbury Circle
Selena Wilkins,9279087583,swilkins29@weibo.com,EDvRvpNmS,WBAVC73538A430122,0 Graceland Trail
Perry Coniam,8277485014,pconiam2a@skype.com,LaOs1BV8,1GKUCHE04AR805680,21814 Park Meadow Plaza
Lynnea Littleproud,8167534714,llittleproud2b@unesco.org,2X40ero,WUATNAFG3CN694539,170 Bunker Hill Pass
Joycelin Rugieri,7508093707,jrugieri2c@hugedomains.com,IXSSMV3,3C6TD4HT6CG151293,1318 Kipling Point
Charmine Verrick,7443265165,cverrick2d@slate.com,TbtKdXLt,1GKS1KE01CR084554,435 Elgar Alley
Pansy Pencost,6916658419,ppencost2e@mit.edu,SVCdT6R,3C6LD5BTXCG806036,341 Sloan Lane
Emilia Dupre,7123880400,edupre2f@amazon.de,xQ6gBIk8b,1GD021EG4FZ646499,7275 Reinke Terrace
Augustina Clery,3906725362,aclery2g@prlog.org,kOI1n0,KMHTC6AD6FU861818,6640 Ruskin Pass
Brandy Haversham,2651520985,bhaversham2h@unesco.org,vYdqzx,WBSDE934X3C969211,52924 Toban Center
Emmaline Matterface,5149261078,ematterface2i@networkadvertising.org,UElc4CyC5Ol,WA1DKAFP8BA842419,320 Eastwood Junction
Alister Gonsalvez,9392122173,agonsalvez2j@goodreads.com,uYALTulik1r,1N6AA0CC5DN430717,51 Tony Lane
Artemus Wherrit,9158992125,awherrit2k@taobao.com,VeleYIi4R,JTHFE2C21D2159347,8648 North Street
Annadiane Kittel,8083788662,akittel2l@wisc.edu,fBmk6QODX94,2T3BF4DV8AW879491,37 Homewood Way
Letizia Coley,4072184838,lcoley2m@sfgate.com,wZUAr5gYG,WA1YL54B54N049068,7005 Forest Road
Angel Orwin,7231349230,aorwin2n@home.pl,92vh2C3AnG0,1FTWW3A59AE105349,460 Old Gate Circle
Meaghan Skene,6457805128,mskene2o@abc.net.au,w4AELf,WA1EFCFS1FR182529,56756 Hazelcrest Street
D'arcy Swatradge,6588295160,dswatradge2p@bing.com,tkLZtu,SCBLE37G43C871976,6485 Ridgeway Parkway
Alf Osmon,2135109564,aosmon2q@altervista.org,0iDMMC8,JH4KA96664C632347,900 Twin Pines Road
Muire Drust,8848953014,mdrust2r@merriam-webster.com,FKIflgshVLga,1FAHP2DW4BG451487,5560 East Way
Brenna Alyonov,7336342895,balyonov2s@indiegogo.com,epq7sVJB,3C6TD4KTXCG266214,58279 Crowley Park
Kile Ungaretti,8258175617,kungaretti2t@netscape.com,5bOArAoDKu,SCBBR93W07C411994,0844 Corscot Parkway
Sibyl Gisby,7082346724,sgisby2u@arstechnica.com,LCu6Rq2QpdO,YV4852CZ9A1135139,653 Mcbride Lane
